{
    "test0": {
        "pos0": [
            -0.6,
            0.8,
            3.5
        ],
        "quat0": [
            0.50172958,
            0.53961398,
            -0.45278989,
            0.50206124
        ],
        "vel0": [
            0.0,
            0.0,
            0.0
        ],
        "omega0": [
            0.0,
            0.0,
            0.0
        ]
    },
    "test1": {
        "pos0": [
            0.5,
            -0.4,
            3.7
        ],
        "quat0": [
            1.0,
            0.0,
            0.0,
            0.0
        ],
        "vel0": [
            1.8,
            -1.6,
            -1.4
        ],
        "omega0": [
            0.0,
            0.0,
            0.0
        ]
    },
    "test2": {
        "pos0": [
            0.7,
            -0.4,
            2.5
        ],
        "quat0": [
            1.0,
            0.0,
            0.0,
            0.0
        ],
        "vel0": [
            0.0,
            0.0,
            0.0
        ],
        "omega0": [
            1.35,
            -1.5,
            1.10
        ]
    },
    "test3": {
        "pos0": [
            0.5,
            -0.4,
            3.0
        ],
        "quat0": [
            0.67783631,
            -0.40985539,
            -0.5364307,
            -0.291202
        ],
        "vel0": [
            1.3,
            -1.2,
            -0.9
        ],
        "omega0": [
            -0.45,
            0.35,
            -0.18
        ]
    }
}