{
    "test0": {
        "pos0": [
            -0.6,
            0.8,
            3.5
        ],
        "quat0": [
            0.94302953,
            0.252684,
            -0.20906461,
            0.05601869
        ],
        "vel0": [
            0.0,
            0.0,
            0.0
        ],
        "omega0": [
            0.0,
            0.0,
            0.0
        ]
    },
    "test1": {
        "pos0": [
            0.5,
            -0.4,
            3.7
        ],
        "quat0": [
            1.0,
            0.0,
            0.0,
            0.0
        ],
        "vel0": [
            0.3,
            -0.24,
            0.1
        ],
        "omega0": [
            0.0,
            0.0,
            0.0
        ]
    },
    "test2": {
        "pos0": [
            0.7,
            -0.4,
            2.5
        ],
        "quat0": [
            1.0,
            0.0,
            0.0,
            0.0
        ],
        "vel0": [
            0.0,
            0.0,
            0.0
        ],
        "omega0": [
            0.15,
            -0.2,
            0.10
        ]
    },
    "test3": {
        "pos0": [
            0.5,
            -0.4,
            2.7
        ],
        "quat0": [
            0.95125124,
            0.16773126,
            -0.254887,
            0.04494346
        ],
        "vel0": [
            0.0,
            -0.05,
            -0.09
        ],
        "omega0": [
            -0.05,
            0.15,
            -0.08
        ]
    }
}